{"stats":{"minecraft:picked_up":{"minecraft:coarse_dirt":2,"minecraft:birch_door":22,"minecraft:iron_trapdoor":1,"minecraft:light_gray_shulker_box":1,"minecraft:iron_door":3,"minecraft:smooth_red_sandstone":16,"minecraft:ladder":1,"minecraft:flower_pot":4,"minecraft:tripwire_hook":1,"minecraft:jungle_wood":3,"minecraft:crimson_fungus":4,"minecraft:chain":1,"minecraft:blue_concrete":7,"minecraft:green_shulker_box":1,"minecraft:polished_deepslate":33,"minecraft:cornflower":1,"minecraft:string":10,"minecraft:dirt":9,"minecraft:moss_carpet":2,"minecraft:waxed_cut_copper_slab":3,"minecraft:oak_sign":5,"minecraft:sea_pickle":36,"minecraft:red_sandstone":1,"minecraft:red_sand":12,"minecraft:cobbled_deepslate":2,"minecraft:redstone_torch":1,"minecraft:azalea":1,"minecraft:calcite":6,"minecraft:spruce_slab":9,"minecraft:coal_block":4,"minecraft:flowering_azalea":1,"minecraft:lime_shulker_box":3,"minecraft:lime_wool":1,"minecraft:acacia_fence":3,"minecraft:composter":5,"minecraft:lime_concrete":4,"minecraft:dripstone_block":34,"minecraft:jungle_planks":2,"minecraft:stone_button":1,"minecraft:spruce_sapling":2,"minecraft:pointed_dripstone":1,"minecraft:jungle_slab":2,"minecraft:green_terracotta":3,"minecraft:tnt":780,"minecraft:polished_andesite":2,"minecraft:green_concrete":1,"minecraft:black_concrete":3,"minecraft:peony":1,"minecraft:lever":5,"minecraft:polished_blackstone_button":5,"minecraft:sandstone_stairs":4,"minecraft:iron_block":4,"minecraft:carved_pumpkin":1,"minecraft:white_concrete":13,"minecraft:spruce_button":1,"minecraft:brick_stairs":3,"minecraft:red_concrete":4,"minecraft:glow_berries":1,"minecraft:iron_bars":3,"minecraft:snowball":18,"minecraft:hopper":1,"minecraft:cobblestone":113},"minecraft:used":{"minecraft:water_bucket":30,"minecraft:polished_deepslate":3,"minecraft:polished_andesite":2,"minecraft:elytra":3,"minecraft:stone":45,"minecraft:green_terracotta":3,"minecraft:tnt":1,"minecraft:lime_shulker_box":2,"minecraft:snowball":281,"minecraft:green_concrete":1,"minecraft:lava_bucket":1,"minecraft:firework_rocket":146,"minecraft:iron_door":1,"minecraft:green_shulker_box":1,"minecraft:lime_concrete":2,"minecraft:bucket":27,"minecraft:netherite_pickaxe":29,"minecraft:sea_pickle":22},"minecraft:dropped":{"minecraft:crimson_fungus":4,"minecraft:snowball":51,"minecraft:bucket":1,"minecraft:firework_rocket":67},"minecraft:mined":{"minecraft:glass":2,"minecraft:lime_wool":1,"minecraft:lime_stained_glass":8,"minecraft:lime_shulker_box":3,"minecraft:green_concrete":1,"minecraft:moss_block":1,"minecraft:green_shulker_box":1,"minecraft:green_terracotta":3,"minecraft:birch_door":1,"minecraft:lime_concrete":2,"minecraft:tnt":21,"minecraft:polished_deepslate":3,"minecraft:dripstone_block":2,"minecraft:azalea":1,"minecraft:stone":5,"minecraft:deepslate":1},"minecraft:custom":{"minecraft:open_shulker_box":12,"minecraft:leave_game":1,"minecraft:time_since_death":3920,"minecraft:climb_one_cm":50267,"minecraft:time_since_rest":3947,"minecraft:sprint_one_cm":89191,"minecraft:damage_taken":6794,"minecraft:walk_one_cm":202305,"minecraft:drop":60,"minecraft:damage_dealt":2,"minecraft:swim_one_cm":943,"minecraft:fly_one_cm":174228,"minecraft:open_chest":8,"minecraft:crouch_one_cm":20886,"minecraft:play_time":121762,"minecraft:deaths":12,"minecraft:sneak_time":13269,"minecraft:walk_under_water_one_cm":32524,"minecraft:aviate_one_cm":551433,"minecraft:jump":1272,"minecraft:walk_on_water_one_cm":40558,"minecraft:total_world_time":121762,"minecraft:fall_one_cm":101262},"minecraft:killed_by":{"minecraft:player":2}},"DataVersion":2730}