{"stats":{"minecraft:picked_up":{"minecraft:white_concrete":32,"minecraft:iron_door":5,"minecraft:oak_sign":26,"minecraft:tinted_glass":1,"minecraft:coal_block":14,"minecraft:snowball":32,"minecraft:lever":11},"minecraft:custom":{"minecraft:jump":334,"minecraft:open_chest":3,"minecraft:time_since_rest":9966,"minecraft:leave_game":1,"minecraft:walk_on_water_one_cm":157,"minecraft:sprint_one_cm":46793,"minecraft:crouch_one_cm":7788,"minecraft:deaths":3,"minecraft:play_time":11670,"minecraft:damage_taken":1490,"minecraft:time_since_death":9942,"minecraft:walk_one_cm":21508,"minecraft:climb_one_cm":7517,"minecraft:sneak_time":2184,"minecraft:total_world_time":11670,"minecraft:fall_one_cm":26209,"minecraft:fly_one_cm":56788}},"DataVersion":2730}