{"stats":{"minecraft:picked_up":{"minecraft:stick":2,"minecraft:coarse_dirt":1,"minecraft:flower_pot":1,"minecraft:acacia_fence":2,"minecraft:oak_door":1,"minecraft:jungle_log":2,"minecraft:jungle_planks":2,"minecraft:oak_log":1,"minecraft:jungle_slab":6,"minecraft:stone_pressure_plate":2,"minecraft:polished_andesite":4,"minecraft:tnt":156,"minecraft:light_gray_concrete":34,"minecraft:quartz_slab":1,"minecraft:stone_bricks":14,"minecraft:red_sand":19,"minecraft:tnt_minecart":5,"minecraft:wheat_seeds":1,"minecraft:lever":1,"minecraft:polished_blackstone_button":7,"minecraft:moss_block":1,"minecraft:magenta_concrete":2,"minecraft:polished_andesite_slab":1,"minecraft:bricks":7,"minecraft:cobblestone":24},"minecraft:used":{"minecraft:water_bucket":4,"minecraft:stone":45,"minecraft:tnt":85,"minecraft:bucket":1,"minecraft:snowball":283},"minecraft:mined":{"minecraft:coarse_dirt":2,"minecraft:moss_block":1},"minecraft:custom":{"minecraft:time_since_rest":2826,"minecraft:sprint_one_cm":46963,"minecraft:damage_taken":6312,"minecraft:walk_one_cm":54370,"minecraft:interact_with_anvil":1,"minecraft:damage_dealt":40,"minecraft:swim_one_cm":2021,"minecraft:fly_one_cm":59159,"minecraft:player_kills":1,"minecraft:open_chest":5,"minecraft:crouch_one_cm":4089,"minecraft:play_time":32000,"minecraft:deaths":12,"minecraft:sneak_time":1615,"minecraft:walk_under_water_one_cm":2068,"minecraft:jump":532,"minecraft:leave_game":1,"minecraft:walk_on_water_one_cm":8179,"minecraft:time_since_death":2787,"minecraft:total_world_time":32000,"minecraft:climb_one_cm":6100,"minecraft:fall_one_cm":70023}},"DataVersion":2730}