{"stats":{"minecraft:picked_up":{"minecraft:end_stone_bricks":19,"minecraft:flower_pot":2,"minecraft:redstone_block":1,"minecraft:iron_trapdoor":18,"minecraft:smooth_red_sandstone":2,"minecraft:composter":1,"minecraft:jungle_planks":2,"minecraft:stone_button":1,"minecraft:loom":4,"minecraft:polished_deepslate":35,"minecraft:string":2,"minecraft:waxed_cut_copper_slab":1,"minecraft:brick_slab":1,"minecraft:dark_prismarine":5,"minecraft:oak_sign":1,"minecraft:lever":3,"minecraft:iron_block":1,"minecraft:calcite":3,"minecraft:moss_block":1,"minecraft:bricks":5,"minecraft:cobblestone":4},"minecraft:used":{"minecraft:lava_bucket":1,"minecraft:firework_rocket":9,"minecraft:stone":117,"minecraft:tnt":1,"minecraft:bucket":1,"minecraft:snowball":294},"minecraft:dropped":{"minecraft:bricks":5,"minecraft:netherite_pickaxe":1,"minecraft:trident":1,"minecraft:lever":2,"minecraft:stone_button":1,"minecraft:brick_slab":1,"minecraft:dark_prismarine":5,"minecraft:elytra":1,"minecraft:firework_rocket":119,"minecraft:waxed_cut_copper_slab":1},"minecraft:mined":{"minecraft:tnt":1},"minecraft:custom":{"minecraft:time_since_rest":817,"minecraft:sprint_one_cm":60119,"minecraft:damage_taken":2442,"minecraft:walk_one_cm":90694,"minecraft:drop":11,"minecraft:damage_dealt":25,"minecraft:fly_one_cm":69554,"minecraft:open_chest":10,"minecraft:crouch_one_cm":25383,"minecraft:open_shulker_box":13,"minecraft:play_time":30424,"minecraft:deaths":3,"minecraft:sneak_time":5191,"minecraft:walk_under_water_one_cm":560,"minecraft:aviate_one_cm":151358,"minecraft:jump":799,"minecraft:leave_game":4,"minecraft:time_since_death":800,"minecraft:walk_on_water_one_cm":1964,"minecraft:total_world_time":30424,"minecraft:climb_one_cm":29881,"minecraft:fall_one_cm":66871}},"DataVersion":2730}