{"stats":{"minecraft:picked_up":{"minecraft:birch_door":6,"minecraft:iron_trapdoor":2,"minecraft:black_carpet":4,"minecraft:azure_bluet":2,"minecraft:ladder":4,"minecraft:iron_door":2,"minecraft:redstone_lamp":1,"minecraft:green_concrete_powder":4,"minecraft:chiseled_quartz_block":19,"minecraft:stone_brick_wall":8,"minecraft:birch_planks":13,"minecraft:tuff":1,"minecraft:prismarine_bricks":6,"minecraft:polished_deepslate":65,"minecraft:cornflower":1,"minecraft:jungle_trapdoor":4,"minecraft:dirt":111,"minecraft:moss_carpet":18,"minecraft:oak_sign":3,"minecraft:candle":4,"minecraft:acacia_trapdoor":1,"minecraft:green_candle":2,"minecraft:red_sand":1,"minecraft:cobbled_deepslate":43,"minecraft:smooth_stone":2,"minecraft:spruce_planks":8,"minecraft:spore_blossom":5,"minecraft:acacia_sign":2,"minecraft:redstone_torch":1,"minecraft:tinted_glass":5,"minecraft:calcite":2,"minecraft:coal_block":9,"minecraft:prismarine_brick_slab":1,"minecraft:quartz_stairs":1,"minecraft:oak_planks":2,"minecraft:spruce_trapdoor":1,"minecraft:flowering_azalea":3,"minecraft:lime_shulker_box":5,"minecraft:dark_oak_door":1,"minecraft:acacia_fence":6,"minecraft:green_glazed_terracotta":2,"minecraft:dripstone_block":21,"minecraft:stone_brick_slab":6,"minecraft:lime_concrete":25,"minecraft:jungle_planks":5,"minecraft:loom":2,"minecraft:netherite_pickaxe":1,"minecraft:barrel":1,"minecraft:prismarine_crystals":6,"minecraft:chiseled_nether_bricks":3,"minecraft:dark_prismarine":5,"minecraft:waxed_cut_copper_stairs":10,"minecraft:tnt":5,"minecraft:polished_andesite":9,"minecraft:light_gray_concrete":16,"minecraft:green_concrete":8,"minecraft:black_concrete":15,"minecraft:peony":3,"minecraft:lever":6,"minecraft:polished_blackstone_button":7,"minecraft:white_concrete":14,"minecraft:iron_block":10,"minecraft:birch_sign":2,"minecraft:end_rod":3,"minecraft:spruce_button":2,"minecraft:magenta_concrete":1,"minecraft:red_concrete":16,"minecraft:lime_concrete_powder":1,"minecraft:cobblestone":115},"minecraft:used":{"minecraft:peony":4,"minecraft:water_bucket":59,"minecraft:end_rod":87,"minecraft:light_blue_shulker_box":2,"minecraft:sandstone_stairs":13,"minecraft:oak_sign":1,"minecraft:tinted_glass":4,"minecraft:stone":256,"minecraft:black_shulker_box":2,"minecraft:purple_shulker_box":2,"minecraft:glow_ink_sac":26,"minecraft:chiseled_nether_bricks":39,"minecraft:green_terracotta":33,"minecraft:green_glazed_terracotta":2,"minecraft:light_gray_shulker_box":1,"minecraft:diamond_block":14,"minecraft:tnt":158,"minecraft:jungle_planks":1,"minecraft:birch_sign":4,"minecraft:oxidized_cut_copper_slab":36,"minecraft:cobbled_deepslate_stairs":6,"minecraft:blackstone_wall":4,"minecraft:lime_shulker_box":2,"minecraft:dripstone_block":66,"minecraft:snowball":1515,"minecraft:jungle_trapdoor":1,"minecraft:granite":2,"minecraft:azure_bluet":1,"minecraft:oak_fence_gate":2,"minecraft:obsidian":5,"minecraft:deepslate_tiles":87,"minecraft:netherite_block":3,"minecraft:black_concrete":370,"minecraft:flowering_azalea":2,"minecraft:cornflower":1,"minecraft:lava_bucket":1,"minecraft:coal_ore":2,"minecraft:black_stained_glass_pane":5,"minecraft:gray_stained_glass_pane":5,"minecraft:light_gray_concrete":4,"minecraft:iron_block":2,"minecraft:lantern":7,"minecraft:grass_block":24,"minecraft:barrier":6,"minecraft:orange_shulker_box":2,"minecraft:polished_blackstone_brick_wall":10,"minecraft:spore_blossom":34,"minecraft:spruce_trapdoor":6,"minecraft:deepslate":13,"minecraft:polished_andesite_slab":7,"minecraft:acacia_fence_gate":10,"minecraft:bedrock":3,"minecraft:birch_button":2,"minecraft:coal_block":1,"minecraft:cobblestone":16,"minecraft:black_stained_glass":3,"minecraft:deepslate_tile_stairs":6,"minecraft:white_stained_glass_pane":5,"minecraft:bucket":6,"minecraft:green_concrete_powder":1,"minecraft:deepslate_coal_ore":6,"minecraft:netherite_pickaxe":39,"minecraft:glass_pane":1,"minecraft:granite_wall":12,"minecraft:white_concrete":3,"minecraft:coarse_dirt":1,"minecraft:red_dye":2,"minecraft:cobbled_deepslate":17,"minecraft:magenta_dye":6,"minecraft:pointed_dripstone":1,"minecraft:cobweb":24},"minecraft:dropped":{"minecraft:chiseled_nether_bricks":1,"minecraft:diamond_block":1,"minecraft:tnt":40,"minecraft:spore_blossom":1,"minecraft:dripstone_block":1,"minecraft:pointed_dripstone":1,"minecraft:barrier":1,"minecraft:oak_planks":2,"minecraft:spruce_trapdoor":1,"minecraft:netherite_block":1,"minecraft:snowball":32},"minecraft:mined":{"minecraft:tuff":1,"minecraft:light_gray_stained_glass_pane":4,"minecraft:red_sand":1,"minecraft:lime_concrete_powder":1,"minecraft:white_concrete":1,"minecraft:lime_stained_glass":5,"minecraft:lime_shulker_box":4,"minecraft:lime_concrete":3,"minecraft:tnt":4,"minecraft:lime_stained_glass_pane":1,"minecraft:end_rod":4,"minecraft:polished_andesite":4,"minecraft:stone":14,"minecraft:iron_block":5},"minecraft:killed_by":{"minecraft:player":1},"minecraft:custom":{"minecraft:interact_with_anvil":1,"minecraft:leave_game":6,"minecraft:time_since_death":9460,"minecraft:climb_one_cm":12131,"minecraft:time_since_rest":9565,"minecraft:sprint_one_cm":93627,"minecraft:damage_taken":12369,"minecraft:walk_one_cm":167141,"minecraft:drop":12,"minecraft:damage_dealt":1556,"minecraft:swim_one_cm":15966,"minecraft:fly_one_cm":1412302,"minecraft:player_kills":2,"minecraft:open_chest":12,"minecraft:crouch_one_cm":34328,"minecraft:play_time":202197,"minecraft:deaths":34,"minecraft:sneak_time":25903,"minecraft:walk_under_water_one_cm":31207,"minecraft:jump":1492,"minecraft:walk_on_water_one_cm":33064,"minecraft:total_world_time":202197,"minecraft:fall_one_cm":118413}},"DataVersion":2730}