{"stats":{"minecraft:custom":{"minecraft:interact_with_crafting_table":5,"minecraft:open_barrel":4,"minecraft:open_shulker_box":144,"minecraft:leave_game":101,"minecraft:time_since_death":2044,"minecraft:sprint_one_cm":2014489,"minecraft:drop":94,"minecraft:play_time":2969299,"minecraft:deaths":477,"minecraft:jump":28618,"minecraft:walk_on_water_one_cm":493489,"minecraft:interact_with_furnace":3,"minecraft:interact_with_loom":25,"minecraft:damage_dealt":4689,"minecraft:interact_with_beacon":4,"minecraft:player_kills":7,"minecraft:crouch_one_cm":327168,"minecraft:inspect_dispenser":3,"minecraft:interact_with_smithing_table":1,"minecraft:interact_with_anvil":20,"minecraft:mob_kills":14,"minecraft:inspect_hopper":13,"minecraft:fill_cauldron":4,"minecraft:climb_one_cm":455968,"minecraft:walk_one_cm":4963655,"minecraft:sneak_time":202804,"minecraft:walk_under_water_one_cm":168764,"minecraft:interact_with_lectern":1,"minecraft:interact_with_blast_furnace":8,"minecraft:total_world_time":2969440,"minecraft:pot_flower":68,"minecraft:interact_with_grindstone":1,"minecraft:interact_with_stonecutter":4,"minecraft:time_since_rest":2116,"minecraft:damage_taken":154371,"minecraft:damage_absorbed":803,"minecraft:swim_one_cm":34918,"minecraft:fly_one_cm":15404772,"minecraft:open_chest":210,"minecraft:aviate_one_cm":779341,"minecraft:fall_one_cm":1737693},"minecraft:killed_by":{"minecraft:ravager":2,"minecraft:player":8,"minecraft:spider":1,"minecraft:slime":1},"minecraft:used":{"minecraft:peony":3,"minecraft:moss_block":5,"minecraft:nether_brick_fence":81,"minecraft:moss_carpet":30,"minecraft:writable_book":6,"minecraft:red_sand":188,"minecraft:polished_deepslate":1798,"minecraft:light_gray_stained_glass_pane":238,"minecraft:dispenser":1,"minecraft:polished_blackstone":2,"minecraft:ladder":101,"minecraft:oak_sign":158,"minecraft:chest":31,"minecraft:white_terracotta":167,"minecraft:stone":4122,"minecraft:zombie_spawn_egg":6,"minecraft:warped_sign":4,"minecraft:quartz_stairs":20,"minecraft:mossy_stone_brick_slab":8,"minecraft:player_head":156,"minecraft:green_terracotta":90,"minecraft:debug_stick":47,"minecraft:jungle_planks":106,"minecraft:nether_bricks":881,"minecraft:jungle_slab":40,"minecraft:magenta_candle":6,"minecraft:tuff":74,"minecraft:snowball":12421,"minecraft:azure_bluet":2,"minecraft:weeping_vines":25,"minecraft:obsidian":708,"minecraft:red_sandstone_stairs":1,"minecraft:glass":570,"minecraft:jungle_sapling":4,"minecraft:crimson_button":1,"minecraft:waxed_oxidized_copper":5,"minecraft:packed_ice":5,"minecraft:coal_ore":43,"minecraft:lava_bucket":253,"minecraft:bricks":709,"minecraft:quartz_slab":72,"minecraft:grass_block":81,"minecraft:copper_ore":5,"minecraft:warped_nylium":100,"minecraft:light_blue_bed":1,"minecraft:repeater":435,"minecraft:stone_brick_stairs":4,"minecraft:stone_bricks":108,"minecraft:birch_button":4,"minecraft:infested_mossy_stone_bricks":3,"minecraft:bedrock":3950,"minecraft:birch_trapdoor":29,"minecraft:exposed_cut_copper_slab":4,"minecraft:redstone_lamp":5,"minecraft:magma_block":91,"minecraft:written_book":7,"minecraft:furnace":2,"minecraft:oak_sapling":5,"minecraft:oxidized_cut_copper_stairs":17,"minecraft:acacia_fence":49,"minecraft:gold_block":17,"minecraft:dragon_head":3,"minecraft:green_stained_glass_pane":2,"minecraft:magenta_shulker_box":15,"minecraft:emerald_ore":2,"minecraft:mossy_stone_bricks":48,"minecraft:damaged_anvil":10,"minecraft:end_rod":91,"minecraft:end_stone_bricks":169,"minecraft:cut_copper_slab":42,"minecraft:powered_rail":1,"minecraft:red_stained_glass":7,"minecraft:acacia_trapdoor":5,"minecraft:dark_oak_sign":14,"minecraft:oak_planks":101,"minecraft:lime_concrete_powder":9,"minecraft:blackstone":8,"minecraft:orange_tulip":1,"minecraft:ender_pearl":9,"minecraft:redstone_block":105,"minecraft:composter":28,"minecraft:blue_bed":1,"minecraft:purpur_pillar":63,"minecraft:golden_apple":11,"minecraft:purpur_stairs":225,"minecraft:lime_stained_glass_pane":5,"minecraft:netherite_leggings":5,"minecraft:infested_chiseled_stone_bricks":1,"minecraft:loom":59,"minecraft:blast_furnace":2,"minecraft:light_blue_wool":28,"minecraft:smooth_red_sandstone":194,"minecraft:yellow_concrete":96,"minecraft:stone_brick_wall":20,"minecraft:blackstone_wall":29,"minecraft:oxidized_cut_copper_slab":87,"minecraft:chiseled_quartz_block":231,"minecraft:dripstone_block":632,"minecraft:black_concrete_powder":18,"minecraft:end_stone":546,"minecraft:crimson_fence_gate":1,"minecraft:lightning_rod":16,"minecraft:redstone_torch":41,"minecraft:sticky_piston":60,"minecraft:green_concrete":43,"minecraft:lever":36,"minecraft:black_concrete":1810,"minecraft:red_sandstone":189,"minecraft:firework_rocket":113,"minecraft:gray_stained_glass_pane":3,"minecraft:birch_slab":58,"minecraft:light_gray_concrete":23,"minecraft:heavy_weighted_pressure_plate":34,"minecraft:barrier":2133,"minecraft:stone_button":269,"minecraft:string":64,"minecraft:cyan_bed":1,"minecraft:spore_blossom":9,"minecraft:lectern":1,"minecraft:deepslate":34,"minecraft:polished_granite":39,"minecraft:iron_door":39,"minecraft:diamond_ore":3,"minecraft:flowering_azalea_leaves":17,"minecraft:evoker_spawn_egg":2,"minecraft:magenta_stained_glass_pane":113,"minecraft:green_candle":23,"minecraft:nether_wart_block":184,"minecraft:coal_block":326,"minecraft:grindstone":1,"minecraft:smithing_table":1,"minecraft:piglin_spawn_egg":5,"minecraft:waxed_cut_copper_stairs":76,"minecraft:waxed_oxidized_cut_copper_stairs":1,"minecraft:green_concrete_powder":57,"minecraft:coarse_dirt":34,"minecraft:chain":20,"minecraft:smooth_stone_slab":122,"minecraft:bone_meal":264,"minecraft:white_concrete":684,"minecraft:warped_button":4,"minecraft:purpur_block":578,"minecraft:oak_trapdoor":2,"minecraft:azalea":3,"minecraft:netherite_sword":13,"minecraft:trident":53,"minecraft:iron_bars":127,"minecraft:enchanting_table":1,"minecraft:orange_concrete":7,"minecraft:white_tulip":1,"minecraft:red_concrete":215,"minecraft:carved_pumpkin":1,"minecraft:redstone_ore":12,"minecraft:armor_stand":14,"minecraft:redstone":326,"minecraft:light_gray_carpet":9,"minecraft:spruce_planks":283,"minecraft:mycelium":3,"minecraft:stripped_warped_stem":8,"minecraft:tinted_glass":46,"minecraft:wither_skeleton_spawn_egg":2,"minecraft:cooked_chicken":5,"minecraft:netherrack":283,"minecraft:cut_copper_stairs":5,"minecraft:green_glazed_terracotta":121,"minecraft:torch":4,"minecraft:anvil":59,"minecraft:dirt":75,"minecraft:warped_wart_block":122,"minecraft:target":7,"minecraft:white_carpet":3,"minecraft:hopper":14,"minecraft:nether_quartz_ore":5,"minecraft:prismarine_bricks":1,"minecraft:spruce_stairs":1,"minecraft:twisting_vines":24,"minecraft:shulker_box":8,"minecraft:yellow_carpet":4,"minecraft:jungle_trapdoor":8,"minecraft:blue_concrete":36,"minecraft:birch_door":227,"minecraft:purple_stained_glass_pane":13,"minecraft:stone_brick_slab":147,"minecraft:ravager_spawn_egg":9,"minecraft:flowering_azalea":12,"minecraft:sea_lantern":12,"minecraft:chipped_anvil":9,"minecraft:bookshelf":15,"minecraft:red_tulip":1,"minecraft:rooted_dirt":55,"minecraft:iron_block":320,"minecraft:light_weighted_pressure_plate":5,"minecraft:oak_stairs":2,"minecraft:brick_stairs":50,"minecraft:spruce_button":20,"minecraft:slime_block":1,"minecraft:spawner":1,"minecraft:jungle_log":17,"minecraft:smooth_quartz":9,"minecraft:lime_dye":7,"minecraft:totem_of_undying":10,"minecraft:barrel":32,"minecraft:tripwire_hook":7,"minecraft:glowstone":1,"minecraft:lime_concrete":108,"minecraft:waxed_cut_copper_slab":129,"minecraft:black_stained_glass":23,"minecraft:magenta_wool":6,"minecraft:iron_trapdoor":198,"minecraft:lime_stained_glass":37,"minecraft:podzol":18,"minecraft:netherite_pickaxe":1348,"minecraft:stone_pressure_plate":5,"minecraft:cobbled_deepslate":453,"minecraft:mossy_stone_brick_wall":1,"minecraft:observer":30,"minecraft:powder_snow_bucket":10,"minecraft:light_gray_bed":2,"minecraft:pointed_dripstone":333,"minecraft:calcite":385,"minecraft:water_bucket":211,"minecraft:warped_stem":125,"minecraft:pink_tulip":2,"minecraft:nether_brick_wall":54,"minecraft:iron_ore":17,"minecraft:light_blue_glazed_terracotta":33,"minecraft:lodestone":2,"minecraft:snow_block":41,"minecraft:birch_planks":86,"minecraft:polished_andesite":782,"minecraft:netherite_chestplate":1,"minecraft:lime_wool":2,"minecraft:red_nether_bricks":32,"minecraft:spruce_sign":7,"minecraft:cauldron":7,"minecraft:magenta_stained_glass":30,"minecraft:glow_ink_sac":11,"minecraft:beacon":9,"minecraft:stonecutter":3,"minecraft:chiseled_nether_bricks":112,"minecraft:gold_ore":11,"minecraft:deepslate_bricks":1189,"minecraft:cracked_stone_bricks":42,"minecraft:waxed_copper_block":45,"minecraft:polished_blackstone_bricks":114,"minecraft:gilded_blackstone":1,"minecraft:glow_item_frame":3,"minecraft:jungle_wood":73,"minecraft:polished_blackstone_pressure_plate":39,"minecraft:diamond_block":19,"minecraft:vine":5,"minecraft:comparator":21,"minecraft:tnt":3076,"minecraft:crafting_table":21,"minecraft:crimson_trapdoor":1,"minecraft:red_bed":6,"minecraft:birch_sign":9,"minecraft:white_bed":1,"minecraft:lime_shulker_box":8,"minecraft:painting":15,"minecraft:smoker":1,"minecraft:warped_planks":121,"minecraft:dark_oak_door":3,"minecraft:nether_gold_ore":4,"minecraft:flower_pot":80,"minecraft:oak_log":55,"minecraft:netherite_block":191,"minecraft:light":960,"minecraft:piston":8,"minecraft:ender_eye":24,"minecraft:oxeye_daisy":3,"minecraft:cornflower":3,"minecraft:acacia_sign":2,"minecraft:command_block":329,"minecraft:cracked_polished_blackstone_bricks":4,"minecraft:lapis_ore":9,"minecraft:jungle_stairs":29,"minecraft:magenta_concrete":404,"minecraft:magenta_concrete_powder":11,"minecraft:spruce_trapdoor":55,"minecraft:spruce_sapling":4,"minecraft:crimson_nylium":13,"minecraft:green_shulker_box":19,"minecraft:cobblestone":432,"minecraft:azalea_leaves":52,"minecraft:potion":7,"minecraft:end_crystal":344,"minecraft:bucket":61,"minecraft:chain_command_block":2,"minecraft:glass_pane":336,"minecraft:sea_pickle":2,"minecraft:repeating_command_block":7,"minecraft:end_portal_frame":27,"minecraft:polished_blackstone_button":140,"minecraft:lime_candle":5,"minecraft:splash_potion":12,"minecraft:jukebox":1,"minecraft:smooth_stone":1,"minecraft:birch_stairs":147,"minecraft:green_stained_glass":7},"minecraft:crafted":{"minecraft:oak_planks":16,"minecraft:crafting_table":1,"minecraft:stick":24,"minecraft:ladder":9,"minecraft:netherite_pickaxe":1},"minecraft:mined":{"minecraft:potted_cactus":1,"minecraft:obsidian":26,"minecraft:spruce_trapdoor":17,"minecraft:grass_block":8,"minecraft:blue_concrete":7,"minecraft:white_concrete":2,"minecraft:coal_block":3,"minecraft:polished_diorite":2,"minecraft:lime_stained_glass":17,"minecraft:green_concrete":46,"minecraft:composter":27,"minecraft:hopper":20,"minecraft:oxeye_daisy":1,"minecraft:smooth_stone":1,"minecraft:orange_concrete":4,"minecraft:sticky_piston":1,"minecraft:moss_carpet":16,"minecraft:green_stained_glass":20,"minecraft:lime_stained_glass_pane":4,"minecraft:quartz_slab":5,"minecraft:iron_block":26,"minecraft:player_head":1,"minecraft:piston_head":3,"minecraft:lime_candle":1,"minecraft:blast_furnace":1,"minecraft:calcite":30,"minecraft:green_concrete_powder":5,"minecraft:glass":74,"minecraft:cobblestone":22,"minecraft:lime_shulker_box":8,"minecraft:iron_door":6,"minecraft:magenta_shulker_box":11,"minecraft:chain":2,"minecraft:repeater":2,"minecraft:blue_ice":8,"minecraft:lime_concrete":13,"minecraft:tnt":6,"minecraft:stone_brick_stairs":2,"minecraft:oak_log":4,"minecraft:green_glazed_terracotta":4,"minecraft:acacia_fence":3,"minecraft:loom":1,"minecraft:dirt":1,"minecraft:stonecutter":38,"minecraft:netherrack":1,"minecraft:magenta_wool":2,"minecraft:deepslate":8,"minecraft:redstone_lamp":1,"minecraft:tuff":2,"minecraft:light_gray_stained_glass_pane":2,"minecraft:blackstone_wall":2,"minecraft:lever":2,"minecraft:magenta_concrete":25,"minecraft:lime_wool":4,"minecraft:moss_block":9,"minecraft:magenta_stained_glass_pane":1,"minecraft:polished_blackstone_button":2,"minecraft:green_terracotta":56,"minecraft:black_concrete":2,"minecraft:polished_deepslate":201,"minecraft:magenta_concrete_powder":5,"minecraft:green_candle":2,"minecraft:stone":132,"minecraft:redstone_wall_torch":3,"minecraft:glass_pane":3,"minecraft:comparator":6,"minecraft:magenta_stained_glass":8,"minecraft:observer":25,"minecraft:lime_concrete_powder":1,"minecraft:red_concrete":8,"minecraft:green_stained_glass_pane":6,"minecraft:prismarine_bricks":2,"minecraft:birch_planks":1,"minecraft:coarse_dirt":14,"minecraft:green_shulker_box":16,"minecraft:sea_pickle":225,"minecraft:polished_blackstone_slab":8,"minecraft:redstone_torch":1,"minecraft:magenta_candle":3,"minecraft:red_sandstone_wall":2,"minecraft:dripstone_block":35,"minecraft:flower_pot":52,"minecraft:yellow_concrete":4,"minecraft:polished_andesite":3,"minecraft:iron_trapdoor":32},"minecraft:killed":{"minecraft:slime":3,"minecraft:ravager":1},"minecraft:dropped":{"minecraft:gold_ore":1,"minecraft:birch_planks":2,"minecraft:oak_log":1,"minecraft:golden_pickaxe":1,"minecraft:lime_shulker_box":1,"minecraft:raw_gold_block":1,"minecraft:gold_block":1,"minecraft:deepslate_gold_ore":1,"minecraft:netherite_boots":2,"minecraft:snowball":161,"minecraft:writable_book":1,"minecraft:gold_nugget":1,"minecraft:gold_ingot":1,"minecraft:oak_door":2,"minecraft:dark_oak_door":4,"minecraft:golden_chestplate":1,"minecraft:netherite_sword":1,"minecraft:enchanted_golden_apple":1,"minecraft:golden_shovel":1,"minecraft:acacia_button":32,"minecraft:piglin_spawn_egg":1,"minecraft:ladder":1,"minecraft:water_bucket":1,"minecraft:golden_boots":1,"minecraft:golden_helmet":1,"minecraft:tnt":64,"minecraft:golden_horse_armor":1,"minecraft:netherite_helmet":2,"minecraft:netherite_chestplate":4,"minecraft:golden_axe":1,"minecraft:command_block":1,"minecraft:golden_apple":1,"minecraft:nether_gold_ore":1,"minecraft:golden_carrot":1,"minecraft:white_concrete":3,"minecraft:golden_hoe":1,"minecraft:player_head":24,"minecraft:lime_concrete":2,"minecraft:netherite_leggings":5,"minecraft:light":64,"minecraft:netherite_block":2,"minecraft:golden_leggings":1,"minecraft:golden_sword":1,"minecraft:carved_pumpkin":1,"minecraft:redstone_torch":1,"minecraft:raw_gold":1},"minecraft:picked_up":{"minecraft:birch_door":255,"minecraft:black_carpet":22,"minecraft:redstone_block":3,"minecraft:flower_pot":69,"minecraft:iron_trapdoor":136,"minecraft:anvil":8,"minecraft:potion":1,"minecraft:birch_button":1,"minecraft:stone_brick_stairs":23,"minecraft:piglin_spawn_egg":1,"minecraft:blue_concrete":59,"minecraft:golden_sword":2,"minecraft:polished_deepslate":1609,"minecraft:string":1,"minecraft:waxed_cut_copper_slab":51,"minecraft:smooth_stone_slab":67,"minecraft:sticky_piston":82,"minecraft:zombie_head":1,"minecraft:oak_sign":115,"minecraft:crimson_fence":3,"minecraft:sea_pickle":167,"minecraft:cobbled_deepslate":82,"minecraft:gold_nugget":1,"minecraft:red_sand":181,"minecraft:deepslate_tiles":19,"minecraft:tnt_minecart":31,"minecraft:smooth_stone":8,"minecraft:comparator":10,"minecraft:bucket":2,"minecraft:spruce_planks":130,"minecraft:acacia_sign":2,"minecraft:light_weighted_pressure_plate":1,"minecraft:acacia_fence_gate":2,"minecraft:redstone_torch":35,"minecraft:calcite":197,"minecraft:azalea":2,"minecraft:smooth_quartz":1,"minecraft:coal_block":179,"minecraft:furnace":5,"minecraft:dark_oak_door":23,"minecraft:stick":5,"minecraft:magenta_concrete_powder":4,"minecraft:acacia_fence":79,"minecraft:jukebox":1,"minecraft:composter":65,"minecraft:birch_trapdoor":9,"minecraft:oak_fence":7,"minecraft:torch":5,"minecraft:spruce_stairs":1,"minecraft:lightning_rod":4,"minecraft:pointed_dripstone":35,"minecraft:end_crystal":285,"minecraft:green_terracotta":61,"minecraft:cauldron":2,"minecraft:waxed_cut_copper_stairs":50,"minecraft:zombie_spawn_egg":180,"minecraft:cactus":1,"minecraft:command_block":1,"minecraft:light_gray_bed":2,"minecraft:rotten_flesh":5,"minecraft:light_blue_wool":1,"minecraft:blackstone_wall":6,"minecraft:iron_block":157,"minecraft:carved_pumpkin":65,"minecraft:end_rod":22,"minecraft:white_terracotta":49,"minecraft:netherite_chestplate":7,"minecraft:waxed_cut_copper":3,"minecraft:obsidian":360,"minecraft:iron_bars":25,"minecraft:snowball":317,"minecraft:cobblestone":3624,"minecraft:magma_block":37,"minecraft:repeater":22,"minecraft:iron_door":162,"minecraft:water_bucket":7,"minecraft:jungle_log":40,"minecraft:green_concrete_powder":12,"minecraft:jungle_wood":32,"minecraft:chiseled_quartz_block":19,"minecraft:smoker":1,"minecraft:tuff":9,"minecraft:prismarine_bricks":76,"minecraft:netherite_leggings":14,"minecraft:green_shulker_box":19,"minecraft:dirt":1759,"minecraft:lantern":6,"minecraft:twisting_vines":2,"minecraft:chipped_anvil":1,"minecraft:bone":2,"minecraft:stonecutter":30,"minecraft:wheat_seeds":120,"minecraft:green_candle":9,"minecraft:grindstone":2,"minecraft:dark_oak_sign":2,"minecraft:mossy_stone_bricks":13,"minecraft:oak_planks":19,"minecraft:glowstone_dust":2,"minecraft:powered_rail":21,"minecraft:moss_block":30,"minecraft:prismarine":22,"minecraft:magenta_candle":3,"minecraft:red_sandstone_wall":1,"minecraft:polished_blackstone_slab":8,"minecraft:sand":4,"minecraft:jungle_planks":152,"minecraft:light_blue_shulker_box":1,"minecraft:loom":72,"minecraft:oxidized_cut_copper_slab":10,"minecraft:jungle_slab":4,"minecraft:barrel":7,"minecraft:red_terracotta":2,"minecraft:dark_prismarine":16,"minecraft:netherite_block":2,"minecraft:evoker_spawn_egg":62,"minecraft:quartz_bricks":6,"minecraft:light_gray_concrete":389,"minecraft:polished_andesite":133,"minecraft:green_concrete":50,"minecraft:black_concrete":219,"minecraft:netherite_helmet":7,"minecraft:polished_blackstone_button":113,"minecraft:lever":64,"minecraft:writable_book":4,"minecraft:golden_apple":119,"minecraft:white_concrete":223,"minecraft:spruce_button":6,"minecraft:spruce_sign":7,"minecraft:rooted_dirt":6,"minecraft:light_blue_candle":4,"minecraft:oak_sapling":7,"minecraft:netherrack":1,"minecraft:chorus_fruit":3,"minecraft:dark_oak_fence":1,"minecraft:bricks":128,"minecraft:end_stone_bricks":35,"minecraft:charcoal":2,"minecraft:crafting_table":2,"minecraft:coarse_dirt":22,"minecraft:azure_bluet":2,"minecraft:splash_potion":6,"minecraft:ladder":21,"minecraft:redstone_lamp":8,"minecraft:stone_brick_wall":38,"minecraft:gold_block":3,"minecraft:acacia_button":32,"minecraft:chain":41,"minecraft:heavy_weighted_pressure_plate":11,"minecraft:cornflower":7,"minecraft:elytra":1,"minecraft:red_bed":3,"minecraft:moss_carpet":38,"minecraft:orange_concrete":2,"minecraft:quartz_slab":48,"minecraft:magenta_wool":1,"minecraft:blue_orchid":1,"minecraft:cracked_stone_bricks":9,"minecraft:candle":20,"minecraft:netherite_sword":1,"minecraft:player_head":1,"minecraft:observer":26,"minecraft:spruce_slab":12,"minecraft:lectern":3,"minecraft:tinted_glass":32,"minecraft:quartz_stairs":5,"minecraft:birch_sapling":3,"minecraft:spruce_trapdoor":95,"minecraft:piston":1,"minecraft:waxed_oxidized_copper":1,"minecraft:lime_shulker_box":13,"minecraft:lime_wool":4,"minecraft:stone":479,"minecraft:oak_door":17,"minecraft:cyan_glazed_terracotta":2,"minecraft:stone_button":31,"minecraft:magenta_shulker_box":10,"minecraft:redstone":23,"minecraft:netherite_pickaxe":2,"minecraft:prismarine_crystals":7,"minecraft:stone_pressure_plate":5,"minecraft:tnt":12101,"minecraft:lime_candle":1,"minecraft:peony":22,"minecraft:jungle_stairs":23,"minecraft:deepslate_bricks":120,"minecraft:sandstone_stairs":7,"minecraft:warped_sign":4,"minecraft:saddle":5,"minecraft:totem_of_undying":3,"minecraft:brick_stairs":18,"minecraft:white_wool":71,"minecraft:lime_concrete_powder":1,"minecraft:rail":12,"minecraft:netherite_boots":4,"minecraft:oxidized_cut_copper_stairs":3,"minecraft:smooth_red_sandstone":31,"minecraft:tripwire_hook":5,"minecraft:red_mushroom":1,"minecraft:birch_planks":113,"minecraft:bedrock":5,"minecraft:crimson_fungus":26,"minecraft:oak_log":96,"minecraft:waxed_copper_block":9,"minecraft:stone_bricks":9,"minecraft:red_sandstone":71,"minecraft:acacia_trapdoor":3,"minecraft:spore_blossom":3,"minecraft:iron_ingot":8,"minecraft:cooked_chicken":125,"minecraft:polished_andesite_slab":14,"minecraft:flowering_azalea":16,"minecraft:polished_andesite_stairs":7,"minecraft:scaffolding":1,"minecraft:oak_slab":33,"minecraft:prismarine_brick_stairs":32,"minecraft:green_glazed_terracotta":60,"minecraft:daylight_detector":2,"minecraft:yellow_concrete":22,"minecraft:stone_brick_slab":151,"minecraft:lime_concrete":211,"minecraft:dripstone_block":1187,"minecraft:light_blue_glazed_terracotta":1,"minecraft:lava_bucket":4,"minecraft:birch_stairs":25,"minecraft:amethyst_shard":100,"minecraft:spruce_sapling":1,"minecraft:blast_furnace":17,"minecraft:mossy_stone_brick_slab":9,"minecraft:firework_rocket":129,"minecraft:slime_ball":16,"minecraft:polished_diorite":2,"minecraft:exposed_cut_copper_slab":1,"minecraft:polished_blackstone_brick_wall":5,"minecraft:lodestone":4,"minecraft:acacia_slab":1,"minecraft:magenta_concrete":73,"minecraft:red_concrete":54,"minecraft:coal":2,"minecraft:hopper":19,"minecraft:ender_pearl":48}},"DataVersion":2730}