{"stats":{"minecraft:picked_up":{"minecraft:iron_door":1,"minecraft:anvil":2,"minecraft:coarse_dirt":1,"minecraft:magma_block":1,"minecraft:smooth_red_sandstone":6,"minecraft:oxidized_cut_copper_stairs":1,"minecraft:oak_door":1,"minecraft:acacia_fence":9,"minecraft:iron_trapdoor":6,"minecraft:flower_pot":3,"minecraft:green_glazed_terracotta":3,"minecraft:composter":1,"minecraft:redstone_lamp":2,"minecraft:stone_brick_slab":1,"minecraft:oak_stairs":1,"minecraft:dripstone_block":89,"minecraft:stone_brick_wall":1,"minecraft:jungle_planks":8,"minecraft:oak_log":2,"minecraft:stone_button":1,"minecraft:pointed_dripstone":1,"minecraft:blue_concrete":7,"minecraft:heavy_weighted_pressure_plate":3,"minecraft:jungle_slab":9,"minecraft:polished_deepslate":66,"minecraft:dirt":58,"minecraft:moss_carpet":5,"minecraft:waxed_cut_copper_stairs":2,"minecraft:tnt":1050,"minecraft:light_gray_concrete":22,"minecraft:tnt_minecart":9,"minecraft:granite_wall":5,"minecraft:cracked_stone_bricks":6,"minecraft:stone_bricks":6,"minecraft:blue_orchid":1,"minecraft:sea_pickle":5,"minecraft:black_concrete":22,"minecraft:stonecutter":3,"minecraft:red_sandstone":1,"minecraft:deepslate_tiles":8,"minecraft:red_sand":10,"minecraft:lever":2,"minecraft:spruce_planks":2,"minecraft:calcite":1,"minecraft:end_rod":1,"minecraft:iron_block":9,"minecraft:white_tulip":1,"minecraft:magenta_concrete":4,"minecraft:polished_blackstone_brick_wall":1,"minecraft:spruce_slab":4,"minecraft:white_concrete":72,"minecraft:azalea":2,"minecraft:mossy_stone_bricks":4,"minecraft:polished_andesite_slab":1,"minecraft:red_concrete":5,"minecraft:quartz_stairs":4,"minecraft:oak_sapling":1,"minecraft:moss_block":15,"minecraft:coal_block":13,"minecraft:spruce_trapdoor":1,"minecraft:bricks":1,"minecraft:flowering_azalea":2,"minecraft:cobblestone":217,"minecraft:oxeye_daisy":1},"minecraft:used":{"minecraft:water_bucket":1,"minecraft:lava_bucket":2,"minecraft:stone":110,"minecraft:tnt":5,"minecraft:cobblestone":5,"minecraft:snowball":664},"minecraft:mined":{"minecraft:tnt":1},"minecraft:custom":{"minecraft:time_since_rest":4127,"minecraft:sprint_one_cm":37208,"minecraft:damage_taken":7716,"minecraft:walk_one_cm":173549,"minecraft:damage_dealt":20,"minecraft:fly_one_cm":138218,"minecraft:open_chest":4,"minecraft:crouch_one_cm":1099,"minecraft:play_time":45903,"minecraft:deaths":25,"minecraft:sneak_time":706,"minecraft:walk_under_water_one_cm":6135,"minecraft:jump":522,"minecraft:leave_game":3,"minecraft:walk_on_water_one_cm":41718,"minecraft:time_since_death":4097,"minecraft:climb_one_cm":5713,"minecraft:total_world_time":45903,"minecraft:fall_one_cm":47977}},"DataVersion":2730}