{"stats":{"minecraft:picked_up":{"minecraft:magma_block":1,"minecraft:oak_door":1,"minecraft:iron_door":9,"minecraft:daylight_detector":1,"minecraft:composter":3,"minecraft:oak_fence":1,"minecraft:dripstone_block":16,"minecraft:stone_brick_wall":4,"minecraft:polished_deepslate":16,"minecraft:dirt":32,"minecraft:tnt":1381,"minecraft:light_gray_concrete":35,"minecraft:polished_andesite":1,"minecraft:granite_wall":2,"minecraft:blue_orchid":1,"minecraft:green_concrete":10,"minecraft:polished_blackstone_button":1,"minecraft:iron_block":56,"minecraft:polished_blackstone_brick_wall":2,"minecraft:calcite":7,"minecraft:oak_sapling":1,"minecraft:moss_block":3,"minecraft:coal_block":9,"minecraft:cobblestone":113},"minecraft:used":{"minecraft:moss_block":1,"minecraft:water_bucket":7,"minecraft:green_concrete":1,"minecraft:lava_bucket":7,"minecraft:stone":111,"minecraft:oak_door":1,"minecraft:magma_block":1,"minecraft:coal_block":5,"minecraft:cobblestone":5,"minecraft:tnt":10,"minecraft:bucket":9,"minecraft:snowball":402},"minecraft:mined":{"minecraft:glass":7},"minecraft:custom":{"minecraft:time_since_rest":2020,"minecraft:damage_taken":4062,"minecraft:sprint_one_cm":59286,"minecraft:walk_one_cm":110064,"minecraft:damage_dealt":7,"minecraft:swim_one_cm":3040,"minecraft:player_kills":1,"minecraft:fly_one_cm":65864,"minecraft:open_chest":9,"minecraft:crouch_one_cm":3938,"minecraft:play_time":45398,"minecraft:deaths":9,"minecraft:sneak_time":1539,"minecraft:walk_under_water_one_cm":3114,"minecraft:jump":650,"minecraft:leave_game":1,"minecraft:walk_on_water_one_cm":16615,"minecraft:time_since_death":2001,"minecraft:climb_one_cm":13511,"minecraft:total_world_time":45398,"minecraft:fall_one_cm":51667}},"DataVersion":2730}