{"stats":{"minecraft:picked_up":{"minecraft:birch_door":24,"minecraft:magma_block":1,"minecraft:ladder":5,"minecraft:flower_pot":2,"minecraft:water_bucket":1,"minecraft:red_mushroom":1,"minecraft:stone_brick_wall":4,"minecraft:birch_planks":7,"minecraft:stone_brick_stairs":6,"minecraft:prismarine_bricks":6,"minecraft:chain":7,"minecraft:polished_deepslate":47,"minecraft:heavy_weighted_pressure_plate":2,"minecraft:netherite_leggings":3,"minecraft:dirt":359,"minecraft:jungle_trapdoor":2,"minecraft:oak_trapdoor":1,"minecraft:waxed_cut_copper_slab":1,"minecraft:spruce_planks":14,"minecraft:acacia_sign":1,"minecraft:powered_rail":1,"minecraft:tinted_glass":4,"minecraft:coal_block":11,"minecraft:polished_andesite_slab":3,"minecraft:flowering_azalea":2,"minecraft:spruce_trapdoor":8,"minecraft:egg":1,"minecraft:dark_oak_door":1,"minecraft:scaffolding":2,"minecraft:stone":128,"minecraft:oak_door":1,"minecraft:green_glazed_terracotta":11,"minecraft:composter":4,"minecraft:torch":2,"minecraft:lime_concrete":29,"minecraft:dripstone_block":146,"minecraft:lava_bucket":2,"minecraft:pointed_dripstone":4,"minecraft:oxidized_cut_copper_slab":9,"minecraft:waxed_cut_copper_stairs":2,"minecraft:tnt":22,"minecraft:polished_andesite":3,"minecraft:light_gray_concrete":39,"minecraft:black_concrete":26,"minecraft:lever":1,"minecraft:blackstone_wall":2,"minecraft:deepslate_bricks":13,"minecraft:iron_block":22,"minecraft:end_rod":4,"minecraft:warped_roots":1,"minecraft:netherrack":1,"minecraft:magenta_concrete":11,"minecraft:iron_bars":1,"minecraft:snowball":165,"minecraft:rail":2,"minecraft:cobblestone":221},"minecraft:used":{"minecraft:oak_fence":14,"minecraft:water_bucket":18,"minecraft:iron_bars":2,"minecraft:spruce_door":3,"minecraft:light_gray_stained_glass_pane":2,"minecraft:polished_andesite":2,"minecraft:ladder":2,"minecraft:stone":90,"minecraft:composter":3,"minecraft:white_dye":1,"minecraft:quartz_stairs":7,"minecraft:glow_ink_sac":1,"minecraft:deepslate_bricks":105,"minecraft:dirt":3,"minecraft:netherite_leggings":6,"minecraft:tnt":18,"minecraft:brick_slab":19,"minecraft:red_mushroom":1,"minecraft:stone_stairs":9,"minecraft:warped_door":2,"minecraft:stone_brick_wall":3,"minecraft:snowball":647,"minecraft:oak_fence_gate":3,"minecraft:birch_door":3,"minecraft:glass":47,"minecraft:flower_pot":12,"minecraft:lever":1,"minecraft:flowering_azalea":1,"minecraft:bricks":15,"minecraft:lava_bucket":1,"minecraft:villager_spawn_egg":1,"minecraft:gray_stained_glass_pane":3,"minecraft:quartz_slab":60,"minecraft:lantern":2,"minecraft:grass_block":1,"minecraft:polished_andesite_stairs":40,"minecraft:brick_stairs":46,"minecraft:stone_slab":12,"minecraft:spruce_trapdoor":7,"minecraft:magma_block":1,"minecraft:white_stained_glass_pane":2,"minecraft:oxidized_cut_copper_stairs":4,"minecraft:bucket":16,"minecraft:netherite_pickaxe":46,"minecraft:egg":1},"minecraft:dropped":{"minecraft:water_bucket":1,"minecraft:tnt":20,"minecraft:netherite_leggings":3,"minecraft:lava_bucket":1,"minecraft:dirt":1,"minecraft:stone":128,"minecraft:spruce_trapdoor":1,"minecraft:snowball":33,"minecraft:bucket":1},"minecraft:mined":{"minecraft:flowering_azalea":1,"minecraft:spruce_trapdoor":1,"minecraft:ladder":5,"minecraft:grass_block":3,"minecraft:glass":1,"minecraft:composter":3,"minecraft:red_mushroom":1,"minecraft:cobbled_deepslate":2,"minecraft:tnt":2,"minecraft:flower_pot":1,"minecraft:dirt":1,"minecraft:iron_block":1,"minecraft:stone":43},"minecraft:custom":{"minecraft:interact_with_furnace":1,"minecraft:mob_kills":1,"minecraft:pot_flower":10,"minecraft:leave_game":15,"minecraft:time_since_death":115,"minecraft:climb_one_cm":26243,"minecraft:time_since_rest":176,"minecraft:sprint_one_cm":82520,"minecraft:damage_taken":16705,"minecraft:walk_one_cm":413968,"minecraft:drop":63,"minecraft:damage_dealt":873,"minecraft:swim_one_cm":8846,"minecraft:fly_one_cm":193008,"minecraft:player_kills":1,"minecraft:open_chest":16,"minecraft:crouch_one_cm":15806,"minecraft:play_time":176206,"minecraft:deaths":28,"minecraft:sneak_time":14236,"minecraft:walk_under_water_one_cm":27706,"minecraft:jump":1819,"minecraft:walk_on_water_one_cm":28408,"minecraft:total_world_time":176206,"minecraft:fall_one_cm":238628,"minecraft:horse_one_cm":5695}},"DataVersion":2730}