{"stats":{"minecraft:picked_up":{"minecraft:magma_block":1,"minecraft:black_carpet":4,"minecraft:azure_bluet":1,"minecraft:flower_pot":2,"minecraft:iron_trapdoor":13,"minecraft:iron_door":33,"minecraft:green_concrete_powder":1,"minecraft:birch_button":2,"minecraft:oak_log":4,"minecraft:chain":2,"minecraft:cobbled_deepslate_stairs":2,"minecraft:blue_concrete":8,"minecraft:heavy_weighted_pressure_plate":1,"minecraft:green_shulker_box":1,"minecraft:polished_deepslate":130,"minecraft:dirt":98,"minecraft:lantern":1,"minecraft:moss_carpet":7,"minecraft:magenta_wool":4,"minecraft:sea_pickle":32,"minecraft:stonecutter":11,"minecraft:deepslate_tiles":9,"minecraft:candle":4,"minecraft:spruce_planks":4,"minecraft:acacia_fence_gate":2,"minecraft:dark_oak_sign":1,"minecraft:redstone_torch":2,"minecraft:calcite":5,"minecraft:moss_block":1,"minecraft:oak_planks":1,"minecraft:spruce_trapdoor":2,"minecraft:furnace":1,"minecraft:magenta_concrete_powder":3,"minecraft:acacia_fence":1,"minecraft:green_glazed_terracotta":1,"minecraft:composter":7,"minecraft:stone_brick_slab":2,"minecraft:dripstone_block":99,"minecraft:amethyst_shard":2,"minecraft:light_blue_shulker_box":1,"minecraft:blast_furnace":1,"minecraft:magenta_shulker_box":14,"minecraft:deepslate_tile_stairs":2,"minecraft:green_terracotta":5,"minecraft:polished_andesite":3,"minecraft:lime_candle":5,"minecraft:green_concrete":2,"minecraft:black_concrete":14,"minecraft:jungle_stairs":1,"minecraft:peony":1,"minecraft:lever":1,"minecraft:polished_blackstone_button":6,"minecraft:blackstone_wall":4,"minecraft:iron_block":34,"minecraft:birch_sign":2,"minecraft:brick_stairs":4,"minecraft:red_concrete":5,"minecraft:magenta_concrete":9,"minecraft:bricks":4,"minecraft:snowball":50,"minecraft:rail":2,"minecraft:cobblestone":11},"minecraft:used":{"minecraft:water_bucket":4,"minecraft:stone":60,"minecraft:tnt":20,"minecraft:snowball":323,"minecraft:lava_bucket":2,"minecraft:iron_block":2,"minecraft:bucket":3,"minecraft:netherite_pickaxe":150,"minecraft:sea_pickle":4,"minecraft:polished_blackstone_button":1},"minecraft:dropped":{"minecraft:snowball":85},"minecraft:mined":{"minecraft:magenta_stained_glass":8,"minecraft:green_concrete_powder":4,"minecraft:magenta_concrete":6,"minecraft:glass":16,"minecraft:green_concrete":2,"minecraft:composter":1,"minecraft:magenta_shulker_box":12,"minecraft:magenta_stained_glass_pane":2,"minecraft:green_shulker_box":1,"minecraft:sea_pickle":26,"minecraft:green_terracotta":6,"minecraft:tnt":7,"minecraft:black_carpet":1,"minecraft:green_stained_glass":3,"minecraft:polished_deepslate":30,"minecraft:magenta_concrete_powder":2,"minecraft:flower_pot":1,"minecraft:green_glazed_terracotta":1,"minecraft:acacia_fence":1,"minecraft:stonecutter":8,"minecraft:polished_andesite":3,"minecraft:stone":10,"minecraft:iron_block":2,"minecraft:magenta_wool":4,"minecraft:iron_trapdoor":2},"minecraft:custom":{"minecraft:leave_game":1,"minecraft:time_since_death":5571,"minecraft:climb_one_cm":20505,"minecraft:time_since_rest":5802,"minecraft:sprint_one_cm":202410,"minecraft:damage_taken":13850,"minecraft:walk_one_cm":200097,"minecraft:drop":85,"minecraft:swim_one_cm":9869,"minecraft:fly_one_cm":283494,"minecraft:open_chest":11,"minecraft:crouch_one_cm":12631,"minecraft:play_time":92428,"minecraft:deaths":29,"minecraft:sneak_time":7648,"minecraft:walk_under_water_one_cm":8871,"minecraft:jump":1491,"minecraft:walk_on_water_one_cm":15925,"minecraft:total_world_time":92428,"minecraft:fall_one_cm":126560}},"DataVersion":2730}