{"stats":{"minecraft:picked_up":{"minecraft:iron_door":8,"minecraft:oxidized_cut_copper_stairs":6,"minecraft:magma_block":3,"minecraft:barrier":1,"minecraft:black_carpet":2,"minecraft:ladder":1,"minecraft:splash_potion":2,"minecraft:smooth_red_sandstone":4,"minecraft:iron_trapdoor":6,"minecraft:repeater":1,"minecraft:nether_brick_fence":1,"minecraft:flower_pot":1,"minecraft:jungle_log":11,"minecraft:green_concrete_powder":11,"minecraft:brown_mushroom":1,"minecraft:jungle_wood":3,"minecraft:red_mushroom":2,"minecraft:stone_brick_wall":2,"minecraft:potion":2,"minecraft:oak_log":5,"minecraft:prismarine_bricks":16,"minecraft:blue_concrete":7,"minecraft:cornflower":1,"minecraft:green_shulker_box":1,"minecraft:polished_deepslate":36,"minecraft:dirt":57,"minecraft:moss_carpet":21,"minecraft:oak_sign":1,"minecraft:wheat_seeds":1,"minecraft:tnt_minecart":3,"minecraft:cobbled_deepslate":18,"minecraft:spruce_planks":3,"minecraft:moss_block":5,"minecraft:prismarine":7,"minecraft:quartz_stairs":2,"minecraft:coal_block":6,"minecraft:redstone_torch":2,"minecraft:calcite":44,"minecraft:azalea":8,"minecraft:powered_rail":2,"minecraft:tinted_glass":3,"minecraft:polished_andesite_slab":2,"minecraft:flowering_azalea":6,"minecraft:spruce_trapdoor":2,"minecraft:magenta_concrete_powder":4,"minecraft:acacia_fence":1,"minecraft:green_glazed_terracotta":23,"minecraft:big_dripleaf":9,"minecraft:stone_brick_slab":6,"minecraft:dripstone_block":16,"minecraft:jungle_planks":11,"minecraft:lightning_rod":4,"minecraft:stone_button":3,"minecraft:pointed_dripstone":6,"minecraft:netherite_pickaxe":1,"minecraft:mossy_stone_brick_slab":2,"minecraft:prismarine_crystals":2,"minecraft:tnt":77,"minecraft:polished_andesite":10,"minecraft:light_gray_concrete":5,"minecraft:black_concrete":13,"minecraft:peony":1,"minecraft:lever":9,"minecraft:polished_blackstone_button":22,"minecraft:sandstone_stairs":1,"minecraft:white_concrete":21,"minecraft:iron_bars":5,"minecraft:end_stone_bricks":2,"minecraft:rail":3,"minecraft:cobblestone":114,"minecraft:ender_pearl":16},"minecraft:used":{"minecraft:nether_brick_wall":14,"minecraft:moss_carpet":14,"minecraft:water_bucket":6,"minecraft:nether_brick_fence":32,"minecraft:moss_block":115,"minecraft:pink_tulip":3,"minecraft:white_tulip":2,"minecraft:axolotl_spawn_egg":40,"minecraft:spruce_planks":4,"minecraft:stone":32,"minecraft:brown_mushroom":5,"minecraft:parrot_spawn_egg":7,"minecraft:bubble_coral":2,"minecraft:grass":7,"minecraft:chiseled_nether_bricks":24,"minecraft:tube_coral":2,"minecraft:glow_berries":10,"minecraft:tnt":55,"minecraft:red_mushroom":9,"minecraft:allium":3,"minecraft:blue_concrete":1,"minecraft:axolotl_bucket":2,"minecraft:dripstone_block":1,"minecraft:glow_lichen":55,"minecraft:snowball":490,"minecraft:spruce_fence":1,"minecraft:azure_bluet":3,"minecraft:big_dripleaf":25,"minecraft:small_dripleaf":3,"minecraft:netherite_block":1,"minecraft:flowering_azalea":11,"minecraft:black_concrete":122,"minecraft:lava_bucket":1,"minecraft:lantern":2,"minecraft:grass_block":60,"minecraft:barrier":22,"minecraft:stone_button":62,"minecraft:spore_blossom":3,"minecraft:spruce_trapdoor":3,"minecraft:tropical_fish_spawn_egg":13,"minecraft:flowering_azalea_leaves":14,"minecraft:item_frame":5,"minecraft:repeater":2,"minecraft:dead_horn_coral_fan":3,"minecraft:waxed_oxidized_cut_copper_stairs":4,"minecraft:bucket":2,"minecraft:netherite_pickaxe":4,"minecraft:egg":1,"minecraft:bone_meal":5,"minecraft:horn_coral_fan":7,"minecraft:pointed_dripstone":71},"minecraft:dropped":{"minecraft:red_mushroom":1,"minecraft:snowball":1},"minecraft:mined":{"minecraft:tnt":16,"minecraft:polished_deepslate":4},"minecraft:killed_by":{"minecraft:player":2},"minecraft:custom":{"minecraft:interact_with_anvil":1,"minecraft:inspect_hopper":1,"minecraft:leave_game":4,"minecraft:time_since_death":5344,"minecraft:climb_one_cm":27736,"minecraft:time_since_rest":5366,"minecraft:sprint_one_cm":168731,"minecraft:damage_taken":10805,"minecraft:walk_one_cm":399673,"minecraft:drop":2,"minecraft:damage_dealt":869,"minecraft:swim_one_cm":10311,"minecraft:fly_one_cm":467493,"minecraft:player_kills":2,"minecraft:open_chest":16,"minecraft:crouch_one_cm":13382,"minecraft:play_time":203397,"minecraft:deaths":33,"minecraft:sneak_time":11407,"minecraft:walk_under_water_one_cm":23085,"minecraft:interact_with_lectern":2,"minecraft:jump":1430,"minecraft:walk_on_water_one_cm":48074,"minecraft:total_world_time":203397,"minecraft:fall_one_cm":79618}},"DataVersion":2730}