{"stats":{"minecraft:picked_up":{"minecraft:magma_block":74,"minecraft:birch_door":22,"minecraft:black_carpet":2,"minecraft:oxidized_cut_copper_stairs":2,"minecraft:smooth_red_sandstone":16,"minecraft:iron_trapdoor":11,"minecraft:flower_pot":4,"minecraft:iron_door":6,"minecraft:tripwire_hook":2,"minecraft:water_bucket":1,"minecraft:jungle_log":9,"minecraft:chiseled_quartz_block":32,"minecraft:oak_stairs":2,"minecraft:birch_planks":11,"minecraft:crimson_fungus":6,"minecraft:oak_log":2,"minecraft:infested_stone":64,"minecraft:prismarine_bricks":1,"minecraft:green_shulker_box":1,"minecraft:polished_deepslate":140,"minecraft:pink_candle":64,"minecraft:dirt":52,"minecraft:paper":1,"minecraft:waxed_cut_copper_slab":2,"minecraft:smooth_stone_slab":2,"minecraft:sticky_piston":1,"minecraft:armor_stand":12,"minecraft:polished_blackstone_wall":68,"minecraft:zombie_head":1,"minecraft:oak_sign":1,"minecraft:tnt_minecart":6,"minecraft:sea_pickle":8,"minecraft:stonecutter":3,"minecraft:warped_hyphae":64,"minecraft:red_sandstone":13,"minecraft:deepslate_tiles":29,"minecraft:red_sand":28,"minecraft:crimson_fence_gate":1,"minecraft:spruce_planks":7,"minecraft:light_weighted_pressure_plate":1,"minecraft:grindstone":1,"minecraft:acacia_fence_gate":2,"minecraft:written_book":1,"minecraft:calcite":33,"minecraft:tinted_glass":4,"minecraft:coal_block":6,"minecraft:prismarine":17,"minecraft:spruce_trapdoor":19,"minecraft:dark_oak_door":1,"minecraft:oak_slab":24,"minecraft:prismarine_brick_stairs":1,"minecraft:stone":64,"minecraft:chiseled_polished_blackstone":74,"minecraft:acacia_fence":14,"minecraft:composter":5,"minecraft:yellow_concrete":64,"minecraft:light_blue_glazed_terracotta":9,"minecraft:dripstone_block":46,"minecraft:birch_stairs":5,"minecraft:jungle_planks":16,"minecraft:lightning_rod":8,"minecraft:stone_button":1,"minecraft:netherite_pickaxe":2,"minecraft:oxidized_cut_copper_slab":1,"minecraft:jungle_slab":12,"minecraft:prismarine_crystals":6,"minecraft:green_terracotta":8,"minecraft:cauldron":1,"minecraft:waxed_cut_copper_stairs":1,"minecraft:tnt":2694,"minecraft:black_concrete":1,"minecraft:lever":4,"minecraft:polished_blackstone_button":13,"minecraft:deepslate_bricks":20,"minecraft:iron_block":16,"minecraft:spruce_button":10,"minecraft:end_rod":3,"minecraft:lodestone":72,"minecraft:brick_stairs":2,"minecraft:oak_sapling":1,"minecraft:snowball":32,"minecraft:red_concrete":3,"minecraft:purple_concrete_powder":64,"minecraft:bricks":66,"minecraft:iron_bars":2,"minecraft:cobblestone":65},"minecraft:used":{"minecraft:end_rod":3,"minecraft:crimson_stem":3,"minecraft:nether_brick_wall":3,"minecraft:chiseled_polished_blackstone":10,"minecraft:petrified_oak_slab":7,"minecraft:nether_brick_fence":3,"minecraft:water_bucket":11,"minecraft:pink_tulip":2,"minecraft:lodestone":64,"minecraft:snow_block":22,"minecraft:infested_stone":25,"minecraft:orange_tulip":1,"minecraft:chest":1,"minecraft:stone":17,"minecraft:composter":1,"minecraft:chiseled_nether_bricks":4,"minecraft:polished_blackstone_wall":56,"minecraft:anvil":1,"minecraft:vine":1,"minecraft:dirt":14,"minecraft:tnt":185,"minecraft:allium":1,"minecraft:blue_ice":6,"minecraft:snowball":1094,"minecraft:weeping_vines":1,"minecraft:nether_gold_ore":3,"minecraft:deepslate_tiles":11,"minecraft:oak_log":1,"minecraft:sticky_piston":1,"minecraft:cornflower":1,"minecraft:lava_bucket":4,"minecraft:oxeye_daisy":3,"minecraft:red_tulip":1,"minecraft:lantern":3,"minecraft:grass_block":4,"minecraft:blue_orchid":1,"minecraft:string":2,"minecraft:barrier":4,"minecraft:netherite_hoe":77,"minecraft:spruce_trapdoor":2,"minecraft:crimson_roots":5,"minecraft:flowering_azalea_leaves":1,"minecraft:crimson_nylium":27,"minecraft:nether_wart_block":7,"minecraft:crimson_fungus":2,"minecraft:magma_block":7,"minecraft:written_book":1,"minecraft:acacia_fence":1,"minecraft:netherite_pickaxe":69,"minecraft:bucket":8,"minecraft:sea_pickle":4,"minecraft:pointed_dripstone":28,"minecraft:netherite_sword":49},"minecraft:dropped":{"minecraft:tnt":3,"minecraft:nether_brick_wall":1,"minecraft:stone":125,"minecraft:snowball":23,"minecraft:written_book":1},"minecraft:mined":{"minecraft:waxed_cut_copper_slab":1,"minecraft:light_gray_stained_glass_pane":2,"minecraft:polished_blackstone_wall":4,"minecraft:potted_crimson_fungus":1,"minecraft:chiseled_polished_blackstone":10,"minecraft:grass_block":7,"minecraft:glass":6,"minecraft:magma_block":5,"minecraft:tnt":14,"minecraft:end_rod":4,"minecraft:lodestone":8,"minecraft:stone":1,"minecraft:tripwire":1,"minecraft:infested_stone":25},"minecraft:killed_by":{"minecraft:player":1},"minecraft:custom":{"minecraft:interact_with_anvil":1,"minecraft:interact_with_grindstone":1,"minecraft:leave_game":11,"minecraft:time_since_death":12984,"minecraft:climb_one_cm":45535,"minecraft:time_since_rest":13029,"minecraft:damage_taken":21521,"minecraft:sprint_one_cm":288493,"minecraft:walk_one_cm":510110,"minecraft:drop":151,"minecraft:damage_dealt":1894,"minecraft:swim_one_cm":7798,"minecraft:fly_one_cm":519389,"minecraft:player_kills":2,"minecraft:open_chest":23,"minecraft:crouch_one_cm":35373,"minecraft:play_time":249361,"minecraft:deaths":56,"minecraft:sneak_time":18436,"minecraft:walk_under_water_one_cm":14499,"minecraft:jump":3015,"minecraft:walk_on_water_one_cm":36140,"minecraft:total_world_time":249361,"minecraft:fall_one_cm":249564}},"DataVersion":2730}