{"stats":{"minecraft:picked_up":{"minecraft:birch_door":87,"minecraft:black_carpet":10,"minecraft:redstone_block":1,"minecraft:iron_trapdoor":98,"minecraft:flower_pot":62,"minecraft:anvil":2,"minecraft:potion":1,"minecraft:birch_button":2,"minecraft:stone_brick_stairs":9,"minecraft:blue_concrete":28,"minecraft:polished_deepslate":1026,"minecraft:string":3,"minecraft:waxed_cut_copper_slab":30,"minecraft:smooth_stone_slab":36,"minecraft:armor_stand":12,"minecraft:sticky_piston":5,"minecraft:netherite_ingot":1,"minecraft:zombie_head":1,"minecraft:oak_sign":76,"minecraft:sea_pickle":63,"minecraft:crimson_fence":5,"minecraft:cobbled_deepslate":39,"minecraft:red_sand":128,"minecraft:black_shulker_box":1,"minecraft:smooth_stone":3,"minecraft:comparator":2,"minecraft:spruce_planks":141,"minecraft:acacia_sign":1,"minecraft:acacia_fence_gate":5,"minecraft:white_tulip":1,"minecraft:redstone_torch":20,"minecraft:calcite":188,"minecraft:azalea":10,"minecraft:coal_block":94,"minecraft:furnace":2,"minecraft:dark_oak_door":4,"minecraft:orange_shulker_box":1,"minecraft:magenta_concrete_powder":1,"minecraft:acacia_fence":53,"minecraft:birch_trapdoor":1,"minecraft:composter":63,"minecraft:big_dripleaf":4,"minecraft:torch":1,"minecraft:purpur_pillar":1,"minecraft:crimson_button":1,"minecraft:lightning_rod":4,"minecraft:pointed_dripstone":54,"minecraft:deepslate_tile_stairs":2,"minecraft:green_terracotta":17,"minecraft:cauldron":1,"minecraft:light_blue_wool":1,"minecraft:waxed_cut_copper_stairs":40,"minecraft:blue_glazed_terracotta":1,"minecraft:blackstone_wall":8,"minecraft:red_tulip":1,"minecraft:iron_block":77,"minecraft:carved_pumpkin":7,"minecraft:end_rod":32,"minecraft:netherite_chestplate":2,"minecraft:obsidian":14,"minecraft:iron_bars":10,"minecraft:snowball":163,"minecraft:cobblestone":2948,"minecraft:magma_block":15,"minecraft:repeater":4,"minecraft:iron_door":129,"minecraft:birch_slab":4,"minecraft:water_bucket":4,"minecraft:jungle_log":13,"minecraft:green_concrete_powder":2,"minecraft:chiseled_quartz_block":36,"minecraft:jungle_wood":21,"minecraft:beacon":4,"minecraft:smoker":2,"minecraft:tuff":15,"minecraft:prismarine_bricks":22,"minecraft:wither_skeleton_skull":2,"minecraft:netherite_leggings":2,"minecraft:green_shulker_box":8,"minecraft:dirt":1283,"minecraft:lantern":5,"minecraft:glass":1,"minecraft:chipped_anvil":2,"minecraft:bone":1,"minecraft:stonecutter":23,"minecraft:wheat_seeds":1,"minecraft:green_candle":4,"minecraft:crimson_fence_gate":1,"minecraft:grindstone":1,"minecraft:mossy_stone_bricks":11,"minecraft:powered_rail":12,"minecraft:moss_block":23,"minecraft:prismarine":24,"minecraft:oak_planks":135,"minecraft:magenta_candle":1,"minecraft:red_sandstone_wall":2,"minecraft:stripped_acacia_wood":2,"minecraft:polished_blackstone_slab":7,"minecraft:sand":6,"minecraft:jungle_planks":47,"minecraft:light_blue_shulker_box":2,"minecraft:loom":49,"minecraft:oxidized_cut_copper_slab":28,"minecraft:red_terracotta":2,"minecraft:barrel":6,"minecraft:dark_prismarine":7,"minecraft:quartz_bricks":2,"minecraft:light_gray_concrete":230,"minecraft:polished_andesite":38,"minecraft:green_concrete":12,"minecraft:black_concrete":167,"minecraft:netherite_helmet":1,"minecraft:polished_blackstone_button":108,"minecraft:lever":55,"minecraft:writable_book":2,"minecraft:golden_apple":5,"minecraft:white_concrete":173,"minecraft:spruce_button":19,"minecraft:spruce_sign":4,"minecraft:rooted_dirt":9,"minecraft:oak_sapling":2,"minecraft:netherrack":1,"minecraft:chorus_fruit":59,"minecraft:bricks":157,"minecraft:crimson_roots":2,"minecraft:end_stone_bricks":90,"minecraft:charcoal":6,"minecraft:crafting_table":4,"minecraft:coarse_dirt":14,"minecraft:azure_bluet":5,"minecraft:ladder":13,"minecraft:clay_ball":4,"minecraft:redstone_lamp":3,"minecraft:stone_brick_wall":15,"minecraft:cooked_rabbit":1,"minecraft:chain":26,"minecraft:heavy_weighted_pressure_plate":11,"minecraft:cornflower":4,"minecraft:moss_carpet":74,"minecraft:orange_concrete":4,"minecraft:item_frame":10,"minecraft:quartz_slab":7,"minecraft:glass_pane":2,"minecraft:candle":12,"minecraft:netherite_sword":1,"minecraft:beef":16,"minecraft:player_head":26,"minecraft:observer":16,"minecraft:spruce_slab":21,"minecraft:lectern":4,"minecraft:tinted_glass":4,"minecraft:quartz_stairs":11,"minecraft:chest":2,"minecraft:spruce_trapdoor":26,"minecraft:lime_shulker_box":6,"minecraft:end_stone":1,"minecraft:stone":310,"minecraft:oak_door":14,"minecraft:stone_button":21,"minecraft:magenta_shulker_box":2,"minecraft:trident":3,"minecraft:carrot":1,"minecraft:redstone":3,"minecraft:netherite_pickaxe":1,"minecraft:prismarine_crystals":8,"minecraft:stone_pressure_plate":11,"minecraft:tnt":12916,"minecraft:peony":23,"minecraft:jungle_stairs":10,"minecraft:deepslate_bricks":86,"minecraft:cut_copper":1,"minecraft:hay_block":3,"minecraft:sandstone_stairs":16,"minecraft:warped_sign":2,"minecraft:brick_stairs":26,"minecraft:glow_berries":1,"minecraft:rail":7,"minecraft:oxeye_daisy":1,"minecraft:oxidized_cut_copper_stairs":4,"minecraft:smooth_red_sandstone":48,"minecraft:leather":10,"minecraft:yellow_dye":1,"minecraft:birch_planks":66,"minecraft:bedrock":2,"minecraft:crimson_fungus":30,"minecraft:oak_log":41,"minecraft:cobbled_deepslate_stairs":1,"minecraft:paper":1,"minecraft:red_carpet":2,"minecraft:stone_bricks":17,"minecraft:red_sandstone":106,"minecraft:spore_blossom":13,"minecraft:oak_fence_gate":2,"minecraft:polished_andesite_slab":43,"minecraft:flowering_azalea":5,"minecraft:scaffolding":50,"minecraft:prismarine_brick_stairs":11,"minecraft:green_glazed_terracotta":68,"minecraft:yellow_concrete":27,"minecraft:stone_brick_slab":37,"minecraft:lime_concrete":111,"minecraft:dandelion":1,"minecraft:dripstone_block":1204,"minecraft:light_blue_glazed_terracotta":3,"minecraft:lava_bucket":4,"minecraft:birch_stairs":9,"minecraft:amethyst_shard":84,"minecraft:spruce_sapling":2,"minecraft:blast_furnace":11,"minecraft:mossy_stone_brick_slab":1,"minecraft:brick_slab":3,"minecraft:dried_kelp_block":2,"minecraft:slime_ball":4,"minecraft:prismarine_wall":3,"minecraft:polished_diorite":19,"minecraft:painting":1,"minecraft:birch_sign":1,"minecraft:exposed_cut_copper_slab":1,"minecraft:lodestone":5,"minecraft:end_stone_brick_slab":19,"minecraft:acacia_slab":1,"minecraft:magenta_concrete":57,"minecraft:red_concrete":35,"minecraft:coal":1,"minecraft:hopper":7},"minecraft:broken":{"minecraft:netherite_chestplate":1},"minecraft:killed":{"minecraft:sheep":1,"minecraft:cow":5,"minecraft:slime":39,"minecraft:bat":2},"minecraft:used":{"minecraft:moss_block":72,"minecraft:orange_dye":1,"minecraft:nether_brick_fence":28,"minecraft:moss_carpet":27,"minecraft:writable_book":11,"minecraft:red_sand":75,"minecraft:polished_deepslate":1355,"minecraft:cut_red_sandstone_slab":13,"minecraft:polished_blackstone":64,"minecraft:ladder":73,"minecraft:bone_block":71,"minecraft:spruce_slab":26,"minecraft:dead_brain_coral":3,"minecraft:elytra":2,"minecraft:oak_sign":103,"minecraft:black_carpet":4,"minecraft:polished_basalt":12,"minecraft:chest":16,"minecraft:white_terracotta":25,"minecraft:stone":3089,"minecraft:purple_shulker_box":1,"minecraft:quartz_stairs":34,"minecraft:mossy_stone_brick_slab":8,"minecraft:player_head":39,"minecraft:green_terracotta":27,"minecraft:debug_stick":153,"minecraft:soul_sand":65,"minecraft:brick_slab":1,"minecraft:pink_candle":4,"minecraft:jungle_planks":118,"minecraft:blue_stained_glass":1,"minecraft:cut_copper":6,"minecraft:nether_bricks":5,"minecraft:prismarine_brick_stairs":88,"minecraft:tuff":8,"minecraft:snowball":11150,"minecraft:obsidian":91,"minecraft:milk_bucket":4,"minecraft:big_dripleaf":13,"minecraft:glass":303,"minecraft:polished_blackstone_slab":19,"minecraft:jungle_sapling":7,"minecraft:honeycomb":21,"minecraft:honey_block":1,"minecraft:coal_ore":15,"minecraft:lava_bucket":239,"minecraft:bricks":352,"minecraft:villager_spawn_egg":65,"minecraft:quartz_slab":208,"minecraft:red_wool":1,"minecraft:lantern":6,"minecraft:grass_block":326,"minecraft:birch_sapling":4,"minecraft:polished_andesite_stairs":50,"minecraft:warped_nylium":16,"minecraft:crimson_roots":8,"minecraft:stone_brick_stairs":60,"minecraft:stone_bricks":1525,"minecraft:item_frame":65,"minecraft:repeater":263,"minecraft:bedrock":825,"minecraft:netherite_boots":2,"minecraft:birch_button":2,"minecraft:snow":11,"minecraft:redstone_lamp":3,"minecraft:birch_trapdoor":21,"minecraft:bow":1,"minecraft:exposed_cut_copper_slab":4,"minecraft:red_carpet":6,"minecraft:magma_block":21,"minecraft:warped_fungus":2,"minecraft:hay_block":14,"minecraft:scaffolding":116,"minecraft:furnace":5,"minecraft:oak_sapling":2,"minecraft:oxidized_cut_copper_stairs":1,"minecraft:gold_block":13,"minecraft:acacia_fence":59,"minecraft:skeleton_skull":2,"minecraft:gray_banner":1,"minecraft:dragon_head":1,"minecraft:polished_blackstone_stairs":7,"minecraft:chiseled_polished_blackstone":22,"minecraft:waxed_oxidized_cut_copper_slab":3,"minecraft:mossy_stone_bricks":4,"minecraft:end_stone_bricks":1164,"minecraft:end_rod":42,"minecraft:cow_spawn_egg":11,"minecraft:spruce_door":1,"minecraft:wither_skeleton_skull":10,"minecraft:cut_copper_slab":24,"minecraft:infested_stone":347,"minecraft:red_stained_glass":4,"minecraft:powered_rail":8,"minecraft:prismarine":288,"minecraft:oak_planks":144,"minecraft:polished_diorite_slab":2,"minecraft:blackstone":39,"minecraft:ender_pearl":5,"minecraft:redstone_block":2,"minecraft:end_stone_brick_slab":64,"minecraft:composter":69,"minecraft:structure_void":6,"minecraft:clay":19,"minecraft:purpur_pillar":7,"minecraft:oak_leaves":21,"minecraft:white_wool":153,"minecraft:golden_apple":1,"minecraft:purpur_stairs":14,"minecraft:sand":67,"minecraft:netherite_leggings":27,"minecraft:loom":69,"minecraft:blast_furnace":18,"minecraft:light_blue_wool":6,"minecraft:black_banner":7,"minecraft:smooth_red_sandstone":15,"minecraft:weathered_cut_copper_slab":1,"minecraft:yellow_concrete":64,"minecraft:blue_ice":12,"minecraft:netherite_helmet":1,"minecraft:red_sandstone_wall":4,"minecraft:blackstone_wall":8,"minecraft:dripstone_block":72,"minecraft:stone_brick_wall":83,"minecraft:black_concrete_powder":1,"minecraft:end_stone":242,"minecraft:lightning_rod":78,"minecraft:creeper_spawn_egg":64,"minecraft:redstone_torch":26,"minecraft:black_terracotta":3,"minecraft:blue_glazed_terracotta":4,"minecraft:lever":73,"minecraft:green_concrete":35,"minecraft:black_concrete":2116,"minecraft:red_sandstone":1,"minecraft:firework_rocket":24,"minecraft:daylight_detector":19,"minecraft:light_gray_concrete":399,"minecraft:zombie_head":14,"minecraft:heavy_weighted_pressure_plate":1,"minecraft:barrier":219,"minecraft:stone_button":149,"minecraft:string":28,"minecraft:white_glazed_terracotta":1,"minecraft:spore_blossom":15,"minecraft:lectern":9,"minecraft:red_terracotta":4,"minecraft:oak_pressure_plate":6,"minecraft:iron_door":28,"minecraft:prismarine_wall":25,"minecraft:gravel":2,"minecraft:flowering_azalea_leaves":5,"minecraft:polished_andesite_slab":217,"minecraft:nether_wart_block":23,"minecraft:smooth_red_sandstone_slab":13,"minecraft:coal_block":146,"minecraft:netherite_sword":76,"minecraft:exposed_cut_copper":2,"minecraft:andesite":38,"minecraft:grindstone":7,"minecraft:waxed_cut_copper_stairs":22,"minecraft:dark_oak_fence":4,"minecraft:chain":51,"minecraft:green_concrete_powder":1,"minecraft:deepslate_coal_ore":2,"minecraft:smooth_stone_slab":76,"minecraft:ice":23,"minecraft:cobweb":20,"minecraft:chorus_plant":5,"minecraft:white_concrete":50,"minecraft:bone_meal":108,"minecraft:oak_fence":30,"minecraft:purpur_block":349,"minecraft:azalea":7,"minecraft:oak_trapdoor":3,"minecraft:stripped_acacia_wood":2,"minecraft:petrified_oak_slab":6,"minecraft:trident":42,"minecraft:iron_bars":87,"minecraft:jungle_leaves":10,"minecraft:enchanting_table":1,"minecraft:crimson_fence":2,"minecraft:orange_concrete":34,"minecraft:flint_and_steel":3,"minecraft:red_concrete":73,"minecraft:carved_pumpkin":3,"minecraft:armor_stand":11,"minecraft:redstone":102,"minecraft:mycelium":15,"minecraft:tinted_glass":35,"minecraft:ender_chest":1,"minecraft:dried_kelp_block":3,"minecraft:netherrack":2257,"minecraft:oak_door":5,"minecraft:green_glazed_terracotta":8,"minecraft:anvil":46,"minecraft:dirt":88,"minecraft:target":1,"minecraft:warped_wart_block":4,"minecraft:ancient_debris":2,"minecraft:light_blue_dye":1,"minecraft:white_carpet":4,"minecraft:hopper":17,"minecraft:chorus_flower":14,"minecraft:nether_quartz_ore":7,"minecraft:prismarine_bricks":1022,"minecraft:twisting_vines":15,"minecraft:glow_lichen":4,"minecraft:bee_nest":2,"minecraft:spruce_fence":2,"minecraft:blue_concrete":16,"minecraft:light_blue_stained_glass":2,"minecraft:oak_fence_gate":2,"minecraft:polished_diorite":120,"minecraft:small_dripleaf":8,"minecraft:shroomlight":5,"minecraft:purple_stained_glass_pane":16,"minecraft:red_shulker_box":2,"minecraft:stone_brick_slab":167,"minecraft:flowering_azalea":3,"minecraft:sea_lantern":2,"minecraft:red_tulip":2,"minecraft:waxed_cut_copper":35,"minecraft:iron_block":468,"minecraft:oak_stairs":7,"minecraft:rooted_dirt":15,"minecraft:brick_stairs":3,"minecraft:spruce_button":5,"minecraft:acacia_slab":4,"minecraft:jungle_log":50,"minecraft:smooth_quartz":91,"minecraft:barrel":2,"minecraft:tripwire_hook":9,"minecraft:lime_concrete":30,"minecraft:gray_glazed_terracotta":1,"minecraft:soul_soil":2,"minecraft:iron_trapdoor":87,"minecraft:minecart":2,"minecraft:netherite_pickaxe":664,"minecraft:stone_pressure_plate":19,"minecraft:cobbled_deepslate":6,"minecraft:red_dye":2,"minecraft:turtle_egg":89,"minecraft:powder_snow_bucket":20,"minecraft:magenta_dye":1,"minecraft:golden_axe":20,"minecraft:pointed_dripstone":376,"minecraft:calcite":103,"minecraft:quartz_bricks":85,"minecraft:water_bucket":254,"minecraft:sandstone_stairs":169,"minecraft:nether_brick_wall":11,"minecraft:prismarine_brick_slab":19,"minecraft:warped_stem":3,"minecraft:amethyst_block":6,"minecraft:cobblestone_stairs":1,"minecraft:lodestone":4,"minecraft:snow_block":78,"minecraft:birch_planks":1,"minecraft:polished_andesite":4541,"minecraft:netherite_chestplate":4,"minecraft:blue_wool":4,"minecraft:copper_block":19,"minecraft:birch_boat":1,"minecraft:purple_glazed_terracotta":1,"minecraft:black_shulker_box":2,"minecraft:brown_mushroom":4,"minecraft:cauldron":7,"minecraft:white_dye":1,"minecraft:glow_ink_sac":6,"minecraft:beacon":5,"minecraft:stonecutter":28,"minecraft:chiseled_nether_bricks":45,"minecraft:warped_roots":3,"minecraft:deepslate_bricks":7,"minecraft:cracked_stone_bricks":4,"minecraft:waxed_copper_block":1,"minecraft:polished_blackstone_bricks":1177,"minecraft:gilded_blackstone":41,"minecraft:polished_blackstone_pressure_plate":5,"minecraft:jungle_wood":29,"minecraft:red_mushroom":3,"minecraft:cyan_glazed_terracotta":7,"minecraft:rail":8,"minecraft:lime_terracotta":8,"minecraft:vine":5,"minecraft:strider_spawn_egg":2,"minecraft:tnt":856,"minecraft:oak_slab":51,"minecraft:crafting_table":3,"minecraft:red_bed":5,"minecraft:green_dye":1,"minecraft:campfire":14,"minecraft:painting":85,"minecraft:brown_glazed_terracotta":1,"minecraft:smoker":1,"minecraft:warped_planks":23,"minecraft:dark_oak_door":13,"minecraft:oak_log":54,"minecraft:amethyst_cluster":12,"minecraft:light_blue_candle":4,"minecraft:flower_pot":38,"minecraft:netherite_block":17,"minecraft:piston":1,"minecraft:dark_prismarine":194,"minecraft:light":727,"minecraft:command_block":25,"minecraft:dead_fire_coral":4,"minecraft:cracked_polished_blackstone_bricks":68,"minecraft:map":1,"minecraft:magenta_concrete":69,"minecraft:purpur_slab":75,"minecraft:spruce_trapdoor":208,"minecraft:spruce_sapling":9,"minecraft:crimson_nylium":74,"minecraft:magenta_banner":1,"minecraft:chiseled_stone_bricks":1,"minecraft:cobblestone":200,"minecraft:azalea_leaves":54,"minecraft:crimson_fungus":6,"minecraft:potion":7,"minecraft:end_crystal":9,"minecraft:warped_fence_gate":1,"minecraft:bucket":165,"minecraft:lapis_block":4,"minecraft:glass_pane":184,"minecraft:sea_pickle":111,"minecraft:polished_blackstone_button":45,"minecraft:end_portal_frame":4,"minecraft:splash_potion":11,"minecraft:birch_stairs":2,"minecraft:candle":7,"minecraft:jukebox":1,"minecraft:smooth_stone":19,"minecraft:pillager_spawn_egg":9},"minecraft:crafted":{"minecraft:stone_bricks":4},"minecraft:dropped":{"minecraft:birch_planks":2,"minecraft:spore_blossom":4,"minecraft:crafting_table":1,"minecraft:warped_hyphae":64,"minecraft:bedrock":4,"minecraft:elytra":1,"minecraft:dirt":1,"minecraft:cracked_polished_blackstone_bricks":1,"minecraft:yellow_dye":1,"minecraft:snowball":7,"minecraft:cut_copper":1,"minecraft:sand":1,"minecraft:black_concrete":9,"minecraft:exposed_cut_copper_slab":1,"minecraft:polished_blackstone_wall":64,"minecraft:chiseled_polished_blackstone":64,"minecraft:tinted_glass":1,"minecraft:netherite_sword":1,"minecraft:pointed_dripstone":1,"minecraft:end_stone":1,"minecraft:carrot":1,"minecraft:trident":3,"minecraft:jungle_stairs":6,"minecraft:purple_concrete_powder":64,"minecraft:painting":1,"minecraft:end_stone_bricks":1,"minecraft:glass":1,"minecraft:prismarine_bricks":1,"minecraft:prismarine_wall":1,"minecraft:written_book":1,"minecraft:netherrack":2,"minecraft:firework_rocket":64,"minecraft:water_bucket":2,"minecraft:netherite_pickaxe":2,"minecraft:tnt":35,"minecraft:yellow_concrete":64,"minecraft:polished_andesite":1,"minecraft:lava_bucket":3,"minecraft:lodestone":64,"minecraft:potion":1,"minecraft:paper":2,"minecraft:string":1,"minecraft:dandelion":1,"minecraft:polished_deepslate":2,"minecraft:purpur_pillar":1,"minecraft:netherite_ingot":1,"minecraft:pink_candle":64,"minecraft:light_gray_concrete":18,"minecraft:magenta_concrete":2,"minecraft:oak_sign":1,"minecraft:glass_pane":1,"minecraft:netherite_leggings":3,"minecraft:stone":2,"minecraft:sea_pickle":2,"minecraft:infested_stone":64,"minecraft:stone_pressure_plate":1,"minecraft:magma_block":64},"minecraft:mined":{"minecraft:obsidian":13,"minecraft:spruce_trapdoor":7,"minecraft:grass_block":1,"minecraft:blue_concrete":6,"minecraft:coal_block":4,"minecraft:lime_stained_glass":6,"minecraft:green_concrete":3,"minecraft:composter":23,"minecraft:hopper":6,"minecraft:sandstone_stairs":1,"minecraft:smooth_stone":1,"minecraft:orange_concrete":4,"minecraft:magma_block":3,"minecraft:sticky_piston":1,"minecraft:moss_carpet":14,"minecraft:lime_stained_glass_pane":1,"minecraft:flowering_azalea_leaves":2,"minecraft:quartz_slab":13,"minecraft:azalea_leaves":1,"minecraft:end_stone_bricks":3,"minecraft:iron_block":15,"minecraft:player_head":2,"minecraft:tripwire":2,"minecraft:waxed_cut_copper_stairs":1,"minecraft:blast_furnace":4,"minecraft:calcite":16,"minecraft:green_concrete_powder":2,"minecraft:glass":24,"minecraft:cobblestone":24,"minecraft:lime_shulker_box":3,"minecraft:iron_door":3,"minecraft:chain":1,"minecraft:dark_oak_door":1,"minecraft:blue_ice":8,"minecraft:lime_concrete":4,"minecraft:tnt":34,"minecraft:grass":3,"minecraft:oak_log":1,"minecraft:acacia_fence":1,"minecraft:stonecutter":13,"minecraft:deepslate":2,"minecraft:redstone_lamp":2,"minecraft:light_gray_stained_glass_pane":4,"minecraft:lever":2,"minecraft:ladder":7,"minecraft:orange_shulker_box":1,"minecraft:magenta_concrete":8,"minecraft:moss_block":11,"minecraft:polished_blackstone_button":8,"minecraft:green_terracotta":3,"minecraft:peony":2,"minecraft:polished_deepslate":143,"minecraft:vine":7,"minecraft:green_candle":1,"minecraft:blue_glazed_terracotta":1,"minecraft:stone":125,"minecraft:redstone_wall_torch":3,"minecraft:scaffolding":1,"minecraft:flowering_azalea":1,"minecraft:redstone_block":2,"minecraft:glass_pane":6,"minecraft:comparator":2,"minecraft:magenta_stained_glass":1,"minecraft:observer":8,"minecraft:lightning_rod":1,"minecraft:tall_grass":1,"minecraft:red_concrete":2,"minecraft:coarse_dirt":2,"minecraft:green_shulker_box":2,"minecraft:sea_pickle":16,"minecraft:polished_blackstone_slab":28,"minecraft:redstone_torch":11,"minecraft:red_sandstone_wall":2,"minecraft:end_rod":2,"minecraft:dripstone_block":8,"minecraft:flower_pot":12,"minecraft:yellow_concrete":7,"minecraft:stripped_acacia_wood":2,"minecraft:polished_andesite":12,"minecraft:iron_trapdoor":49},"minecraft:killed_by":{"minecraft:creeper":1,"minecraft:player":9,"minecraft:slime":1,"minecraft:skeleton":1},"minecraft:custom":{"minecraft:interact_with_crafting_table":2,"minecraft:open_shulker_box":70,"minecraft:leave_game":71,"minecraft:time_since_death":1071,"minecraft:sprint_one_cm":1664990,"minecraft:drop":88,"minecraft:talked_to_villager":1,"minecraft:play_time":3009898,"minecraft:deaths":372,"minecraft:jump":23059,"minecraft:walk_on_water_one_cm":510817,"minecraft:interact_with_furnace":9,"minecraft:interact_with_loom":20,"minecraft:damage_dealt":5878,"minecraft:interact_with_beacon":2,"minecraft:player_kills":6,"minecraft:crouch_one_cm":232054,"minecraft:inspect_dispenser":2,"minecraft:use_cauldron":1,"minecraft:interact_with_anvil":20,"minecraft:mob_kills":58,"minecraft:inspect_hopper":1,"minecraft:fill_cauldron":2,"minecraft:climb_one_cm":240760,"minecraft:walk_one_cm":3444124,"minecraft:sneak_time":160956,"minecraft:walk_under_water_one_cm":138546,"minecraft:boat_one_cm":183,"minecraft:interact_with_lectern":7,"minecraft:interact_with_blast_furnace":7,"minecraft:total_world_time":3009898,"minecraft:pot_flower":5,"minecraft:interact_with_stonecutter":9,"minecraft:interact_with_grindstone":1,"minecraft:time_since_rest":1562,"minecraft:damage_taken":201351,"minecraft:damage_absorbed":5680,"minecraft:minecart_one_cm":38174,"minecraft:swim_one_cm":43554,"minecraft:fly_one_cm":13395538,"minecraft:open_chest":198,"minecraft:aviate_one_cm":227361,"minecraft:fall_one_cm":2345040}},"DataVersion":2730}