{"stats":{"minecraft:picked_up":{"minecraft:stick":2,"minecraft:birch_door":4,"minecraft:oxidized_cut_copper_stairs":1,"minecraft:iron_trapdoor":10,"minecraft:iron_door":2,"minecraft:stone_brick_slab":9,"minecraft:green_concrete_powder":5,"minecraft:lime_concrete":4,"minecraft:birch_stairs":8,"minecraft:jungle_planks":2,"minecraft:lightning_rod":2,"minecraft:oak_log":7,"minecraft:chain":1,"minecraft:magenta_shulker_box":1,"minecraft:loom":1,"minecraft:polished_deepslate":39,"minecraft:dirt":6,"minecraft:dark_prismarine":1,"minecraft:brick_slab":2,"minecraft:polished_andesite":20,"minecraft:sea_pickle":1,"minecraft:black_concrete":11,"minecraft:cobbled_deepslate":5,"minecraft:green_candle":5,"minecraft:lever":3,"minecraft:smooth_stone":3,"minecraft:polished_blackstone_button":2,"minecraft:deepslate_bricks":16,"minecraft:spore_blossom":2,"minecraft:sandstone_stairs":11,"minecraft:iron_block":17,"minecraft:calcite":28,"minecraft:redstone_torch":1,"minecraft:white_concrete":5,"minecraft:oak_sapling":2,"minecraft:lectern":1,"minecraft:powered_rail":2,"minecraft:spruce_trapdoor":2,"minecraft:coal_block":7,"minecraft:bricks":9,"minecraft:iron_bars":2,"minecraft:coal":3,"minecraft:rail":1,"minecraft:cobblestone":22},"minecraft:used":{"minecraft:stone":5,"minecraft:snowball":262},"minecraft:custom":{"minecraft:time_since_rest":5575,"minecraft:sprint_one_cm":135874,"minecraft:damage_taken":5595,"minecraft:walk_one_cm":84948,"minecraft:damage_dealt":18,"minecraft:swim_one_cm":2758,"minecraft:fly_one_cm":136313,"minecraft:open_chest":4,"minecraft:crouch_one_cm":3347,"minecraft:play_time":47311,"minecraft:deaths":14,"minecraft:sneak_time":1802,"minecraft:walk_under_water_one_cm":3097,"minecraft:jump":643,"minecraft:leave_game":3,"minecraft:time_since_death":5538,"minecraft:walk_on_water_one_cm":3021,"minecraft:climb_one_cm":13275,"minecraft:total_world_time":47311,"minecraft:fall_one_cm":43279}},"DataVersion":2730}